ImageWidth,ImageLength,ResolutionUnit,ExifOffset,Make,Model,Software,Orientation,DateTime,YCbCrPositioning,XResolution,YResolution,ExifVersion,ShutterSpeedValue,ApertureValue,DateTimeOriginal,DateTimeDigitized,BrightnessValue,ExposureBiasValue,MaxApertureValue,MeteringMode,Flash,FocalLength,ColorSpace,ExifImageWidth,DigitalZoomRatio,FocalLengthIn35mmFilm,SceneCaptureType,OffsetTime,OffsetTimeOriginal,SubsecTime,SubsecTimeOriginal,SubsecTimeDigitized,ExifImageHeight,ExposureTime,FNumber,ExposureProgram,ISOSpeedRatings,ExposureMode,FlashPixVersion,WhiteBalance,MakerNote,Fichier
4000,3000,2,230,samsung,Galaxy A56 5G,A566BXXS6AYGE,6,2025:10:30 10:19:30,1,72.0,72.0,b'0220',0.001075268,1.69,2025:10:30 10:19:30,2025:10:30 10:19:30,6.51,0.0,1.69,2,0,5.54,65535,4000,1.0,23,0,+01:00,+01:00,836,836,836,3000,0.001075268,1.8,2,50,0,b'0100',0,b'\x04\x00\x01\x00\x07\x00\x04\x00\x00\x000101\x02\x00\x04\x00\x01\x00\x00\x00\x00 \x01\x00\x1a\xa0\x04\x00\x01\x00\x00\x00\x17\x00\x00\x00\x00\xb0\x03\x00\x01\x00\x00\x00\x02\x00\x00\x00\x00\x00\x00\x00\x00\x00\x00\x00\x00\x00\x00\x00\x00\x00\x00\x00\x00\x00\x00\x00\x00\x00\x00\x00\x00\x00\x00\x00\x00\x00\x00\x00\x00\x00\x00\x00\x00\x00\x00\x00\x00\x00\x00\x00\x00\x00\x00\x00',20251030_101930.jpg
4000,3000,2,230,samsung,Galaxy A56 5G,A566BXXS6AYGE,6,2025:10:30 10:19:38,1,72.0,72.0,b'0220',0.00085034,1.69,2025:10:30 10:19:38,2025:10:30 10:19:38,6.88,0.0,1.69,2,0,5.54,65535,4000,1.0,23,0,+01:00,+01:00,803,803,803,3000,0.00085034,1.8,2,50,0,b'0100',0,b'\x04\x00\x01\x00\x07\x00\x04\x00\x00\x000101\x02\x00\x04\x00\x01\x00\x00\x00\x00 \x01\x00\x1a\xa0\x04\x00\x01\x00\x00\x00\x17\x00\x00\x00\x00\xb0\x03\x00\x01\x00\x00\x00\x02\x00\x00\x00\x00\x00\x00\x00\x00\x00\x00\x00\x00\x00\x00\x00\x00\x00\x00\x00\x00\x00\x00\x00\x00\x00\x00\x00\x00\x00\x00\x00\x00\x00\x00\x00\x00\x00\x00\x00\x00\x00\x00\x00\x00\x00\x00\x00\x00\x00\x00\x00',20251030_101938.jpg
4000,3000,2,230,samsung,Galaxy A56 5G,A566BXXS6AYGE,6,2025:10:30 10:19:47,1,72.0,72.0,b'0220',0.001579778,1.69,2025:10:30 10:19:47,2025:10:30 10:19:47,6.0,0.0,1.69,2,0,5.54,65535,4000,1.0,23,0,+01:00,+01:00,336,336,336,3000,0.001579778,1.8,2,50,0,b'0100',0,b'\x04\x00\x01\x00\x07\x00\x04\x00\x00\x000101\x02\x00\x04\x00\x01\x00\x00\x00\x00 \x01\x00\x1a\xa0\x04\x00\x01\x00\x00\x00\x17\x00\x00\x00\x00\xb0\x03\x00\x01\x00\x00\x00\x02\x00\x00\x00\x00\x00\x00\x00\x00\x00\x00\x00\x00\x00\x00\x00\x00\x00\x00\x00\x00\x00\x00\x00\x00\x00\x00\x00\x00\x00\x00\x00\x00\x00\x00\x00\x00\x00\x00\x00\x00\x00\x00\x00\x00\x00\x00\x00\x00\x00\x00\x00',20251030_101947.jpg
4000,3000,2,230,samsung,Galaxy A56 5G,A566BXXS6AYGE,6,2025:10:30 10:20:43,1,72.0,72.0,b'0220',0.000889679,1.69,2025:10:30 10:20:43,2025:10:30 10:20:43,6.9,0.0,1.69,2,0,5.54,65535,4000,1.0,23,0,+01:00,+01:00,806,806,806,3000,0.000889679,1.8,2,50,0,b'0100',0,b'\x04\x00\x01\x00\x07\x00\x04\x00\x00\x000101\x02\x00\x04\x00\x01\x00\x00\x00\x00 \x01\x00\x1a\xa0\x04\x00\x01\x00\x00\x00\x17\x00\x00\x00\x00\xb0\x03\x00\x01\x00\x00\x00\x02\x00\x00\x00\x00\x00\x00\x00\x00\x00\x00\x00\x00\x00\x00\x00\x00\x00\x00\x00\x00\x00\x00\x00\x00\x00\x00\x00\x00\x00\x00\x00\x00\x00\x00\x00\x00\x00\x00\x00\x00\x00\x00\x00\x00\x00\x00\x00\x00\x00\x00\x00',20251030_102043.jpg
4000,3000,2,230,samsung,Galaxy A56 5G,A566BXXS6AYGE,6,2025:10:30 10:20:48,1,72.0,72.0,b'0220',0.000485908,1.69,2025:10:30 10:20:48,2025:10:30 10:20:48,7.76,0.0,1.69,2,0,5.54,65535,4000,1.0,23,0,+01:00,+01:00,773,773,773,3000,0.000485908,1.8,2,50,0,b'0100',0,b'\x04\x00\x01\x00\x07\x00\x04\x00\x00\x000101\x02\x00\x04\x00\x01\x00\x00\x00\x00 \x01\x00\x1a\xa0\x04\x00\x01\x00\x00\x00\x17\x00\x00\x00\x00\xb0\x03\x00\x01\x00\x00\x00\x02\x00\x00\x00\x00\x00\x00\x00\x00\x00\x00\x00\x00\x00\x00\x00\x00\x00\x00\x00\x00\x00\x00\x00\x00\x00\x00\x00\x00\x00\x00\x00\x00\x00\x00\x00\x00\x00\x00\x00\x00\x00\x00\x00\x00\x00\x00\x00\x00\x00\x00\x00',20251030_102048.jpg
4000,3000,2,230,samsung,Galaxy A56 5G,A566BXXS6AYGE,1,2025:10:30 10:21:17,1,72.0,72.0,b'0220',0.000448028,1.69,2025:10:30 10:21:17,2025:10:30 10:21:17,7.97,0.0,1.69,2,0,5.54,65535,4000,1.0,23,0,+01:00,+01:00,607,607,607,3000,0.000448028,1.8,2,50,0,b'0100',0,b'\x04\x00\x01\x00\x07\x00\x04\x00\x00\x000101\x02\x00\x04\x00\x01\x00\x00\x00\x00 \x01\x00\x1a\xa0\x04\x00\x01\x00\x00\x00\x17\x00\x00\x00\x00\xb0\x03\x00\x01\x00\x00\x00\x02\x00\x00\x00\x00\x00\x00\x00\x00\x00\x00\x00\x00\x00\x00\x00\x00\x00\x00\x00\x00\x00\x00\x00\x00\x00\x00\x00\x00\x00\x00\x00\x00\x00\x00\x00\x00\x00\x00\x00\x00\x00\x00\x00\x00\x00\x00\x00\x00\x00\x00\x00',20251030_102117.jpg
4000,3000,2,230,samsung,Galaxy A56 5G,A566BXXS6AYGE,6,2025:10:30 10:21:41,1,72.0,72.0,b'0220',0.000905797,1.69,2025:10:30 10:21:41,2025:10:30 10:21:41,6.92,0.0,1.69,2,0,5.54,65535,4000,1.0,23,0,+01:00,+01:00,641,641,641,3000,0.000905797,1.8,2,50,0,b'0100',0,b'\x04\x00\x01\x00\x07\x00\x04\x00\x00\x000101\x02\x00\x04\x00\x01\x00\x00\x00\x00 \x01\x00\x1a\xa0\x04\x00\x01\x00\x00\x00\x17\x00\x00\x00\x00\xb0\x03\x00\x01\x00\x00\x00\x02\x00\x00\x00\x00\x00\x00\x00\x00\x00\x00\x00\x00\x00\x00\x00\x00\x00\x00\x00\x00\x00\x00\x00\x00\x00\x00\x00\x00\x00\x00\x00\x00\x00\x00\x00\x00\x00\x00\x00\x00\x00\x00\x00\x00\x00\x00\x00\x00\x00\x00\x00',20251030_102141.jpg
4000,3000,2,230,samsung,Galaxy A56 5G,A566BXXS6AYGE,6,2025:10:30 10:22:16,1,72.0,72.0,b'0220',0.000369959,1.69,2025:10:30 10:22:16,2025:10:30 10:22:16,8.18,0.0,1.69,2,0,5.54,65535,4000,1.0,23,0,+01:00,+01:00,977,977,977,3000,0.000369959,1.8,2,50,0,b'0100',0,b'\x04\x00\x01\x00\x07\x00\x04\x00\x00\x000101\x02\x00\x04\x00\x01\x00\x00\x00\x00 \x01\x00\x1a\xa0\x04\x00\x01\x00\x00\x00\x17\x00\x00\x00\x00\xb0\x03\x00\x01\x00\x00\x00\x02\x00\x00\x00\x00\x00\x00\x00\x00\x00\x00\x00\x00\x00\x00\x00\x00\x00\x00\x00\x00\x00\x00\x00\x00\x00\x00\x00\x00\x00\x00\x00\x00\x00\x00\x00\x00\x00\x00\x00\x00\x00\x00\x00\x00\x00\x00\x00\x00\x00\x00\x00',20251030_102216.jpg
4000,3000,2,230,samsung,Galaxy A56 5G,A566BXXS6AYGE,6,2025:10:30 10:25:28,1,72.0,72.0,b'0220',0.000639795,1.69,2025:10:30 10:25:28,2025:10:30 10:25:28,7.76,0.0,1.69,2,0,5.54,65535,4000,1.0,23,0,+01:00,+01:00,917,917,917,3000,0.000639795,1.8,2,50,0,b'0100',0,b'\x04\x00\x01\x00\x07\x00\x04\x00\x00\x000101\x02\x00\x04\x00\x01\x00\x00\x00\x00 \x01\x00\x1a\xa0\x04\x00\x01\x00\x00\x00\x17\x00\x00\x00\x00\xb0\x03\x00\x01\x00\x00\x00\x02\x00\x00\x00\x00\x00\x00\x00\x00\x00\x00\x00\x00\x00\x00\x00\x00\x00\x00\x00\x00\x00\x00\x00\x00\x00\x00\x00\x00\x00\x00\x00\x00\x00\x00\x00\x00\x00\x00\x00\x00\x00\x00\x00\x00\x00\x00\x00\x00\x00\x00\x00',20251030_102528.jpg
4000,3000,2,230,samsung,Galaxy A56 5G,A566BXXS6AYGE,1,2025:10:30 10:26:37,1,72.0,72.0,b'0220',0.006172839,1.69,2025:10:30 10:26:37,2025:10:30 10:26:37,4.18,0.0,1.69,2,0,5.54,65535,4000,1.0,23,0,+01:00,+01:00,981,981,981,3000,0.006172839,1.8,2,50,0,b'0100',0,b'\x04\x00\x01\x00\x07\x00\x04\x00\x00\x000101\x02\x00\x04\x00\x01\x00\x00\x00\x00 \x01\x00\x1a\xa0\x04\x00\x01\x00\x00\x00\x17\x00\x00\x00\x00\xb0\x03\x00\x01\x00\x00\x00\x02\x00\x00\x00\x00\x00\x00\x00\x00\x00\x00\x00\x00\x00\x00\x00\x00\x00\x00\x00\x00\x00\x00\x00\x00\x00\x00\x00\x00\x00\x00\x00\x00\x00\x00\x00\x00\x00\x00\x00\x00\x00\x00\x00\x00\x00\x00\x00\x00\x00\x00\x00',20251030_102637.jpg
4000,3000,2,230,samsung,Galaxy A56 5G,A566BXXS6AYGE,1,2025:10:30 10:27:24,1,72.0,72.0,b'0220',0.008620689,1.69,2025:10:30 10:27:24,2025:10:30 10:27:24,4.85,0.0,1.69,2,0,5.54,65535,4000,1.0,23,0,+01:00,+01:00,414,414,414,3000,0.008620689,1.8,2,50,0,b'0100',0,b'\x04\x00\x01\x00\x07\x00\x04\x00\x00\x000101\x02\x00\x04\x00\x01\x00\x00\x00\x00 \x01\x00\x1a\xa0\x04\x00\x01\x00\x00\x00\x17\x00\x00\x00\x00\xb0\x03\x00\x01\x00\x00\x00\x02\x00\x00\x00\x00\x00\x00\x00\x00\x00\x00\x00\x00\x00\x00\x00\x00\x00\x00\x00\x00\x00\x00\x00\x00\x00\x00\x00\x00\x00\x00\x00\x00\x00\x00\x00\x00\x00\x00\x00\x00\x00\x00\x00\x00\x00\x00\x00\x00\x00\x00\x00',20251030_102724.jpg
4000,3000,2,230,samsung,Galaxy A56 5G,A566BXXS6AYGE,6,2025:10:30 10:30:13,1,72.0,72.0,b'0220',0.00034602,1.69,2025:10:30 10:30:13,2025:10:30 10:30:13,8.17,0.0,1.69,2,0,5.54,65535,4000,1.0,23,0,+01:00,+01:00,047,047,047,3000,0.00034602,1.8,2,50,0,b'0100',0,b'\x04\x00\x01\x00\x07\x00\x04\x00\x00\x000101\x02\x00\x04\x00\x01\x00\x00\x00\x00 \x01\x00\x1a\xa0\x04\x00\x01\x00\x00\x00\x17\x00\x00\x00\x00\xb0\x03\x00\x01\x00\x00\x00\x02\x00\x00\x00\x00\x00\x00\x00\x00\x00\x00\x00\x00\x00\x00\x00\x00\x00\x00\x00\x00\x00\x00\x00\x00\x00\x00\x00\x00\x00\x00\x00\x00\x00\x00\x00\x00\x00\x00\x00\x00\x00\x00\x00\x00\x00\x00\x00\x00\x00\x00\x00',20251030_103012.jpg
4000,3000,2,230,samsung,Galaxy A56 5G,A566BXXS6AYGE,6,2025:10:30 10:30:15,1,72.0,72.0,b'0220',0.000778816,1.69,2025:10:30 10:30:15,2025:10:30 10:30:15,7.35,0.0,1.69,2,0,5.54,65535,4000,1.0,23,0,+01:00,+01:00,748,748,748,3000,0.000778816,1.8,2,50,0,b'0100',0,b'\x04\x00\x01\x00\x07\x00\x04\x00\x00\x000101\x02\x00\x04\x00\x01\x00\x00\x00\x00 \x01\x00\x1a\xa0\x04\x00\x01\x00\x00\x00\x17\x00\x00\x00\x00\xb0\x03\x00\x01\x00\x00\x00\x02\x00\x00\x00\x00\x00\x00\x00\x00\x00\x00\x00\x00\x00\x00\x00\x00\x00\x00\x00\x00\x00\x00\x00\x00\x00\x00\x00\x00\x00\x00\x00\x00\x00\x00\x00\x00\x00\x00\x00\x00\x00\x00\x00\x00\x00\x00\x00\x00\x00\x00\x00',20251030_103015.jpg
4000,3000,2,230,samsung,Galaxy A56 5G,A566BXXS6AYGE,6,2025:10:30 10:30:17,1,72.0,72.0,b'0220',0.000697836,1.69,2025:10:30 10:30:17,2025:10:30 10:30:17,7.7,0.0,1.69,2,0,5.54,65535,4000,1.0,23,0,+01:00,+01:00,548,548,548,3000,0.000697836,1.8,2,50,0,b'0100',0,b'\x04\x00\x01\x00\x07\x00\x04\x00\x00\x000101\x02\x00\x04\x00\x01\x00\x00\x00\x00 \x01\x00\x1a\xa0\x04\x00\x01\x00\x00\x00\x17\x00\x00\x00\x00\xb0\x03\x00\x01\x00\x00\x00\x02\x00\x00\x00\x00\x00\x00\x00\x00\x00\x00\x00\x00\x00\x00\x00\x00\x00\x00\x00\x00\x00\x00\x00\x00\x00\x00\x00\x00\x00\x00\x00\x00\x00\x00\x00\x00\x00\x00\x00\x00\x00\x00\x00\x00\x00\x00\x00\x00\x00\x00\x00',20251030_103017.jpg
4000,3000,2,230,samsung,Galaxy A56 5G,A566BXXS6AYGE,6,2025:10:30 10:30:44,1,72.0,72.0,b'0220',0.000257003,1.69,2025:10:30 10:30:44,2025:10:30 10:30:44,8.68,0.0,1.69,2,0,5.54,65535,4000,1.0,23,0,+01:00,+01:00,416,416,416,3000,0.000257003,1.8,2,50,0,b'0100',0,b'\x04\x00\x01\x00\x07\x00\x04\x00\x00\x000101\x02\x00\x04\x00\x01\x00\x00\x00\x00 \x01\x00\x1a\xa0\x04\x00\x01\x00\x00\x00\x17\x00\x00\x00\x00\xb0\x03\x00\x01\x00\x00\x00\x02\x00\x00\x00\x00\x00\x00\x00\x00\x00\x00\x00\x00\x00\x00\x00\x00\x00\x00\x00\x00\x00\x00\x00\x00\x00\x00\x00\x00\x00\x00\x00\x00\x00\x00\x00\x00\x00\x00\x00\x00\x00\x00\x00\x00\x00\x00\x00\x00\x00\x00\x00',20251030_103044.jpg
4000,3000,2,230,samsung,Galaxy A56 5G,A566BXXS6AYGE,6,2025:10:30 10:31:32,1,72.0,72.0,b'0220',0.000888888,1.69,2025:10:30 10:31:32,2025:10:30 10:31:32,7.92,0.0,1.69,2,0,5.54,65535,4000,1.0,23,0,+01:00,+01:00,884,884,884,3000,0.000888888,1.8,2,50,0,b'0100',0,b'\x04\x00\x01\x00\x07\x00\x04\x00\x00\x000101\x02\x00\x04\x00\x01\x00\x00\x00\x00 \x01\x00\x1a\xa0\x04\x00\x01\x00\x00\x00\x17\x00\x00\x00\x00\xb0\x03\x00\x01\x00\x00\x00\x02\x00\x00\x00\x00\x00\x00\x00\x00\x00\x00\x00\x00\x00\x00\x00\x00\x00\x00\x00\x00\x00\x00\x00\x00\x00\x00\x00\x00\x00\x00\x00\x00\x00\x00\x00\x00\x00\x00\x00\x00\x00\x00\x00\x00\x00\x00\x00\x00\x00\x00\x00',20251030_103132.jpg
4000,3000,2,230,samsung,Galaxy A56 5G,A566BXXS6AYGE,6,2025:10:30 10:31:57,1,72.0,72.0,b'0220',0.000161995,1.69,2025:10:30 10:31:57,2025:10:30 10:31:57,9.27,0.0,1.69,2,0,5.54,65535,4000,1.0,23,0,+01:00,+01:00,786,786,786,3000,0.000161995,1.8,2,50,0,b'0100',0,b'\x04\x00\x01\x00\x07\x00\x04\x00\x00\x000101\x02\x00\x04\x00\x01\x00\x00\x00\x00 \x01\x00\x1a\xa0\x04\x00\x01\x00\x00\x00\x17\x00\x00\x00\x00\xb0\x03\x00\x01\x00\x00\x00\x02\x00\x00\x00\x00\x00\x00\x00\x00\x00\x00\x00\x00\x00\x00\x00\x00\x00\x00\x00\x00\x00\x00\x00\x00\x00\x00\x00\x00\x00\x00\x00\x00\x00\x00\x00\x00\x00\x00\x00\x00\x00\x00\x00\x00\x00\x00\x00\x00\x00\x00\x00',20251030_103157.jpg
4000,3000,2,230,samsung,Galaxy A56 5G,A566BXXS6AYGE,6,2025:10:30 10:32:24,1,72.0,72.0,b'0220',0.000893655,1.69,2025:10:30 10:32:24,2025:10:30 10:32:24,7.19,0.0,1.69,2,0,5.54,65535,4000,1.0,23,0,+01:00,+01:00,252,252,252,3000,0.000893655,1.8,2,50,0,b'0100',0,b'\x04\x00\x01\x00\x07\x00\x04\x00\x00\x000101\x02\x00\x04\x00\x01\x00\x00\x00\x00 \x01\x00\x1a\xa0\x04\x00\x01\x00\x00\x00\x17\x00\x00\x00\x00\xb0\x03\x00\x01\x00\x00\x00\x02\x00\x00\x00\x00\x00\x00\x00\x00\x00\x00\x00\x00\x00\x00\x00\x00\x00\x00\x00\x00\x00\x00\x00\x00\x00\x00\x00\x00\x00\x00\x00\x00\x00\x00\x00\x00\x00\x00\x00\x00\x00\x00\x00\x00\x00\x00\x00\x00\x00\x00\x00',20251030_103223.jpg
4000,3000,2,230,samsung,Galaxy A56 5G,A566BXXS6AYGE,6,2025:10:30 10:33:10,1,72.0,72.0,b'0220',0.00083682,1.69,2025:10:30 10:33:10,2025:10:30 10:33:10,7.73,0.0,1.69,2,0,5.54,65535,4000,1.0,23,0,+01:00,+01:00,554,554,554,3000,0.00083682,1.8,2,50,0,b'0100',0,b'\x04\x00\x01\x00\x07\x00\x04\x00\x00\x000101\x02\x00\x04\x00\x01\x00\x00\x00\x00 \x01\x00\x1a\xa0\x04\x00\x01\x00\x00\x00\x17\x00\x00\x00\x00\xb0\x03\x00\x01\x00\x00\x00\x02\x00\x00\x00\x00\x00\x00\x00\x00\x00\x00\x00\x00\x00\x00\x00\x00\x00\x00\x00\x00\x00\x00\x00\x00\x00\x00\x00\x00\x00\x00\x00\x00\x00\x00\x00\x00\x00\x00\x00\x00\x00\x00\x00\x00\x00\x00\x00\x00\x00\x00\x00',20251030_103310.jpg
4000,3000,2,230,samsung,Galaxy A56 5G,A566BXXS6AYGE,3,2025:10:30 10:38:41,1,72.0,72.0,b'0220',0.000307976,1.69,2025:10:30 10:38:41,2025:10:30 10:38:41,8.35,0.0,1.69,2,0,5.54,65535,4000,1.0,23,0,+01:00,+01:00,038,038,038,3000,0.000307976,1.8,2,50,0,b'0100',0,b'\x04\x00\x01\x00\x07\x00\x04\x00\x00\x000101\x02\x00\x04\x00\x01\x00\x00\x00\x00 \x01\x00\x1a\xa0\x04\x00\x01\x00\x00\x00\x17\x00\x00\x00\x00\xb0\x03\x00\x01\x00\x00\x00\x02\x00\x00\x00\x00\x00\x00\x00\x00\x00\x00\x00\x00\x00\x00\x00\x00\x00\x00\x00\x00\x00\x00\x00\x00\x00\x00\x00\x00\x00\x00\x00\x00\x00\x00\x00\x00\x00\x00\x00\x00\x00\x00\x00\x00\x00\x00\x00\x00\x00\x00\x00',20251030_103840.jpg
4000,3000,2,230,samsung,Galaxy A56 5G,A566BXXS6AYGE,6,2025:10:30 10:38:56,1,72.0,72.0,b'0220',0.000457038,1.69,2025:10:30 10:38:56,2025:10:30 10:38:56,8.36,0.0,1.69,2,0,5.54,65535,4000,1.0,23,0,+01:00,+01:00,639,639,639,3000,0.000457038,1.8,2,50,0,b'0100',0,b'\x04\x00\x01\x00\x07\x00\x04\x00\x00\x000101\x02\x00\x04\x00\x01\x00\x00\x00\x00 \x01\x00\x1a\xa0\x04\x00\x01\x00\x00\x00\x17\x00\x00\x00\x00\xb0\x03\x00\x01\x00\x00\x00\x02\x00\x00\x00\x00\x00\x00\x00\x00\x00\x00\x00\x00\x00\x00\x00\x00\x00\x00\x00\x00\x00\x00\x00\x00\x00\x00\x00\x00\x00\x00\x00\x00\x00\x00\x00\x00\x00\x00\x00\x00\x00\x00\x00\x00\x00\x00\x00\x00\x00\x00\x00',20251030_103856.jpg
4000,3000,2,230,samsung,Galaxy A56 5G,A566BXXS6AYGE,6,2025:10:30 10:39:55,1,72.0,72.0,b'0220',0.000341997,1.69,2025:10:30 10:39:55,2025:10:30 10:39:55,8.68,0.0,1.69,2,0,5.54,65535,4000,1.0,23,0,+01:00,+01:00,573,573,573,3000,0.000341997,1.8,2,50,0,b'0100',0,b'\x04\x00\x01\x00\x07\x00\x04\x00\x00\x000101\x02\x00\x04\x00\x01\x00\x00\x00\x00 \x01\x00\x1a\xa0\x04\x00\x01\x00\x00\x00\x17\x00\x00\x00\x00\xb0\x03\x00\x01\x00\x00\x00\x02\x00\x00\x00\x00\x00\x00\x00\x00\x00\x00\x00\x00\x00\x00\x00\x00\x00\x00\x00\x00\x00\x00\x00\x00\x00\x00\x00\x00\x00\x00\x00\x00\x00\x00\x00\x00\x00\x00\x00\x00\x00\x00\x00\x00\x00\x00\x00\x00\x00\x00\x00',20251030_103955.jpg
4000,3000,2,230,samsung,Galaxy A56 5G,A566BXXS6AYGE,6,2025:10:30 10:41:14,1,72.0,72.0,b'0220',0.000493096,1.69,2025:10:30 10:41:14,2025:10:30 10:41:14,7.73,0.0,1.69,2,0,5.54,65535,4000,1.0,23,0,+01:00,+01:00,560,560,560,3000,0.000493096,1.8,2,50,0,b'0100',0,b'\x04\x00\x01\x00\x07\x00\x04\x00\x00\x000101\x02\x00\x04\x00\x01\x00\x00\x00\x00 \x01\x00\x1a\xa0\x04\x00\x01\x00\x00\x00\x17\x00\x00\x00\x00\xb0\x03\x00\x01\x00\x00\x00\x02\x00\x00\x00\x00\x00\x00\x00\x00\x00\x00\x00\x00\x00\x00\x00\x00\x00\x00\x00\x00\x00\x00\x00\x00\x00\x00\x00\x00\x00\x00\x00\x00\x00\x00\x00\x00\x00\x00\x00\x00\x00\x00\x00\x00\x00\x00\x00\x00\x00\x00\x00',20251030_104114.jpg
4000,3000,2,230,samsung,Galaxy A56 5G,A566BXXS6AYGE,6,2025:10:30 10:42:33,1,72.0,72.0,b'0220',0.000963391,1.69,2025:10:30 10:42:33,2025:10:30 10:42:33,7.71,0.0,1.69,2,0,5.54,65535,4000,1.0,23,0,+01:00,+01:00,031,031,031,3000,0.000963391,1.8,2,50,0,b'0100',0,b'\x04\x00\x01\x00\x07\x00\x04\x00\x00\x000101\x02\x00\x04\x00\x01\x00\x00\x00\x00 \x01\x00\x1a\xa0\x04\x00\x01\x00\x00\x00\x17\x00\x00\x00\x00\xb0\x03\x00\x01\x00\x00\x00\x02\x00\x00\x00\x00\x00\x00\x00\x00\x00\x00\x00\x00\x00\x00\x00\x00\x00\x00\x00\x00\x00\x00\x00\x00\x00\x00\x00\x00\x00\x00\x00\x00\x00\x00\x00\x00\x00\x00\x00\x00\x00\x00\x00\x00\x00\x00\x00\x00\x00\x00\x00',20251030_104232.jpg
4000,3000,2,230,samsung,Galaxy A56 5G,A566BXXS6AYGE,6,2025:10:30 10:43:26,1,72.0,72.0,b'0220',0.001607717,1.69,2025:10:30 10:43:26,2025:10:30 10:43:26,6.07,0.0,1.69,2,0,5.54,65535,4000,1.0,23,0,+01:00,+01:00,564,564,564,3000,0.001607717,1.8,2,50,0,b'0100',0,b'\x04\x00\x01\x00\x07\x00\x04\x00\x00\x000101\x02\x00\x04\x00\x01\x00\x00\x00\x00 \x01\x00\x1a\xa0\x04\x00\x01\x00\x00\x00\x17\x00\x00\x00\x00\xb0\x03\x00\x01\x00\x00\x00\x02\x00\x00\x00\x00\x00\x00\x00\x00\x00\x00\x00\x00\x00\x00\x00\x00\x00\x00\x00\x00\x00\x00\x00\x00\x00\x00\x00\x00\x00\x00\x00\x00\x00\x00\x00\x00\x00\x00\x00\x00\x00\x00\x00\x00\x00\x00\x00\x00\x00\x00\x00',20251030_104326.jpg
4000,3000,2,230,samsung,Galaxy A56 5G,A566BXXS6AYGE,6,2025:10:30 10:43:45,1,72.0,72.0,b'0220',0.002247191,1.69,2025:10:30 10:43:45,2025:10:30 10:43:45,5.5,0.0,1.69,2,0,5.54,65535,4000,1.0,23,0,+01:00,+01:00,565,565,565,3000,0.002247191,1.8,2,50,0,b'0100',0,b'\x04\x00\x01\x00\x07\x00\x04\x00\x00\x000101\x02\x00\x04\x00\x01\x00\x00\x00\x00 \x01\x00\x1a\xa0\x04\x00\x01\x00\x00\x00\x17\x00\x00\x00\x00\xb0\x03\x00\x01\x00\x00\x00\x02\x00\x00\x00\x00\x00\x00\x00\x00\x00\x00\x00\x00\x00\x00\x00\x00\x00\x00\x00\x00\x00\x00\x00\x00\x00\x00\x00\x00\x00\x00\x00\x00\x00\x00\x00\x00\x00\x00\x00\x00\x00\x00\x00\x00\x00\x00\x00\x00\x00\x00\x00',20251030_104345.jpg
4000,3000,2,230,samsung,Galaxy A56 5G,A566BXXS6AYGE,6,2025:10:30 10:43:47,1,72.0,72.0,b'0220',0.000884173,1.69,2025:10:30 10:43:47,2025:10:30 10:43:47,6.83,0.0,1.69,2,0,5.54,65535,4000,1.0,23,0,+01:00,+01:00,233,233,233,3000,0.000884173,1.8,2,50,0,b'0100',0,b'\x04\x00\x01\x00\x07\x00\x04\x00\x00\x000101\x02\x00\x04\x00\x01\x00\x00\x00\x00 \x01\x00\x1a\xa0\x04\x00\x01\x00\x00\x00\x17\x00\x00\x00\x00\xb0\x03\x00\x01\x00\x00\x00\x02\x00\x00\x00\x00\x00\x00\x00\x00\x00\x00\x00\x00\x00\x00\x00\x00\x00\x00\x00\x00\x00\x00\x00\x00\x00\x00\x00\x00\x00\x00\x00\x00\x00\x00\x00\x00\x00\x00\x00\x00\x00\x00\x00\x00\x00\x00\x00\x00\x00\x00\x00',20251030_104346.jpg
4000,3000,2,230,samsung,Galaxy A56 5G,A566BXXS6AYGE,6,2025:10:30 10:43:58,1,72.0,72.0,b'0220',0.000549148,1.69,2025:10:30 10:43:58,2025:10:30 10:43:58,7.65,0.0,1.69,2,0,5.54,65535,4000,1.0,23,0,+01:00,+01:00,834,834,834,3000,0.000549148,1.8,2,50,0,b'0100',0,b'\x04\x00\x01\x00\x07\x00\x04\x00\x00\x000101\x02\x00\x04\x00\x01\x00\x00\x00\x00 \x01\x00\x1a\xa0\x04\x00\x01\x00\x00\x00\x17\x00\x00\x00\x00\xb0\x03\x00\x01\x00\x00\x00\x02\x00\x00\x00\x00\x00\x00\x00\x00\x00\x00\x00\x00\x00\x00\x00\x00\x00\x00\x00\x00\x00\x00\x00\x00\x00\x00\x00\x00\x00\x00\x00\x00\x00\x00\x00\x00\x00\x00\x00\x00\x00\x00\x00\x00\x00\x00\x00\x00\x00\x00\x00',20251030_104358.jpg
4000,3000,2,230,samsung,Galaxy A56 5G,A566BXXS6AYGE,6,2025:10:30 10:46:46,1,72.0,72.0,b'0220',0.000664893,1.69,2025:10:30 10:46:46,2025:10:30 10:46:46,7.37,0.0,1.69,2,0,5.54,65535,4000,1.0,23,0,+01:00,+01:00,992,992,992,3000,0.000664893,1.8,2,50,0,b'0100',0,b'\x04\x00\x01\x00\x07\x00\x04\x00\x00\x000101\x02\x00\x04\x00\x01\x00\x00\x00\x00 \x01\x00\x1a\xa0\x04\x00\x01\x00\x00\x00\x17\x00\x00\x00\x00\xb0\x03\x00\x01\x00\x00\x00\x02\x00\x00\x00\x00\x00\x00\x00\x00\x00\x00\x00\x00\x00\x00\x00\x00\x00\x00\x00\x00\x00\x00\x00\x00\x00\x00\x00\x00\x00\x00\x00\x00\x00\x00\x00\x00\x00\x00\x00\x00\x00\x00\x00\x00\x00\x00\x00\x00\x00\x00\x00',20251030_104646.jpg
4000,3000,2,230,samsung,Galaxy A56 5G,A566BXXS6AYGE,6,2025:10:30 10:48:26,1,72.0,72.0,b'0220',0.000477099,1.69,2025:10:30 10:48:26,2025:10:30 10:48:26,7.82,0.0,1.69,2,0,5.54,65535,4000,1.0,23,0,+01:00,+01:00,363,363,363,3000,0.000477099,1.8,2,50,0,b'0100',0,b'\x04\x00\x01\x00\x07\x00\x04\x00\x00\x000101\x02\x00\x04\x00\x01\x00\x00\x00\x00 \x01\x00\x1a\xa0\x04\x00\x01\x00\x00\x00\x17\x00\x00\x00\x00\xb0\x03\x00\x01\x00\x00\x00\x02\x00\x00\x00\x00\x00\x00\x00\x00\x00\x00\x00\x00\x00\x00\x00\x00\x00\x00\x00\x00\x00\x00\x00\x00\x00\x00\x00\x00\x00\x00\x00\x00\x00\x00\x00\x00\x00\x00\x00\x00\x00\x00\x00\x00\x00\x00\x00\x00\x00\x00\x00',20251030_104826.jpg
4000,3000,2,230,samsung,Galaxy A56 5G,A566BXXS6AYGE,6,2025:10:30 10:48:58,1,72.0,72.0,b'0220',0.001414427,1.69,2025:10:30 10:48:58,2025:10:30 10:48:58,6.58,0.0,1.69,2,0,5.54,65535,4000,1.0,23,0,+01:00,+01:00,696,696,696,3000,0.001414427,1.8,2,50,0,b'0100',0,b'\x04\x00\x01\x00\x07\x00\x04\x00\x00\x000101\x02\x00\x04\x00\x01\x00\x00\x00\x00 \x01\x00\x1a\xa0\x04\x00\x01\x00\x00\x00\x17\x00\x00\x00\x00\xb0\x03\x00\x01\x00\x00\x00\x02\x00\x00\x00\x00\x00\x00\x00\x00\x00\x00\x00\x00\x00\x00\x00\x00\x00\x00\x00\x00\x00\x00\x00\x00\x00\x00\x00\x00\x00\x00\x00\x00\x00\x00\x00\x00\x00\x00\x00\x00\x00\x00\x00\x00\x00\x00\x00\x00\x00\x00\x00',20251030_104858.jpg
4000,3000,2,230,samsung,Galaxy A56 5G,A566BXXS6AYGE,6,2025:10:30 10:49:07,1,72.0,72.0,b'0220',0.001410437,1.69,2025:10:30 10:49:07,2025:10:30 10:49:07,6.88,0.0,1.69,2,0,5.54,65535,4000,1.0,23,0,+01:00,+01:00,130,130,130,3000,0.001410437,1.8,2,50,0,b'0100',0,b'\x04\x00\x01\x00\x07\x00\x04\x00\x00\x000101\x02\x00\x04\x00\x01\x00\x00\x00\x00 \x01\x00\x1a\xa0\x04\x00\x01\x00\x00\x00\x17\x00\x00\x00\x00\xb0\x03\x00\x01\x00\x00\x00\x02\x00\x00\x00\x00\x00\x00\x00\x00\x00\x00\x00\x00\x00\x00\x00\x00\x00\x00\x00\x00\x00\x00\x00\x00\x00\x00\x00\x00\x00\x00\x00\x00\x00\x00\x00\x00\x00\x00\x00\x00\x00\x00\x00\x00\x00\x00\x00\x00\x00\x00\x00',20251030_104906.jpg
4000,3000,2,230,samsung,Galaxy A56 5G,A566BXXS6AYGE,6,2025:10:30 11:09:25,1,72.0,72.0,b'0220',0.000603864,1.69,2025:10:30 11:09:25,2025:10:30 11:09:25,8.43,0.0,1.69,2,0,5.54,65535,4000,1.0,23,0,+01:00,+01:00,942,942,942,3000,0.000603864,1.8,2,50,0,b'0100',0,b'\x04\x00\x01\x00\x07\x00\x04\x00\x00\x000101\x02\x00\x04\x00\x01\x00\x00\x00\x00 \x01\x00\x1a\xa0\x04\x00\x01\x00\x00\x00\x17\x00\x00\x00\x00\xb0\x03\x00\x01\x00\x00\x00\x02\x00\x00\x00\x00\x00\x00\x00\x00\x00\x00\x00\x00\x00\x00\x00\x00\x00\x00\x00\x00\x00\x00\x00\x00\x00\x00\x00\x00\x00\x00\x00\x00\x00\x00\x00\x00\x00\x00\x00\x00\x00\x00\x00\x00\x00\x00\x00\x00\x00\x00\x00',20251030_110925.jpg
4000,3000,2,230,samsung,Galaxy A56 5G,A566BXXS6AYGE,6,2025:10:30 11:09:34,1,72.0,72.0,b'0220',0.000690131,1.69,2025:10:30 11:09:34,2025:10:30 11:09:34,7.73,0.0,1.69,2,0,5.54,65535,4000,1.0,23,0,+01:00,+01:00,942,942,942,3000,0.000690131,1.8,2,50,0,b'0100',0,b'\x04\x00\x01\x00\x07\x00\x04\x00\x00\x000101\x02\x00\x04\x00\x01\x00\x00\x00\x00 \x01\x00\x1a\xa0\x04\x00\x01\x00\x00\x00\x17\x00\x00\x00\x00\xb0\x03\x00\x01\x00\x00\x00\x02\x00\x00\x00\x00\x00\x00\x00\x00\x00\x00\x00\x00\x00\x00\x00\x00\x00\x00\x00\x00\x00\x00\x00\x00\x00\x00\x00\x00\x00\x00\x00\x00\x00\x00\x00\x00\x00\x00\x00\x00\x00\x00\x00\x00\x00\x00\x00\x00\x00\x00\x00',20251030_110934.jpg
4000,3000,2,230,samsung,Galaxy A56 5G,A566BXXS6AYGE,6,2025:10:30 11:11:30,1,72.0,72.0,b'0220',8.7997e-05,1.69,2025:10:30 11:11:30,2025:10:30 11:11:30,10.16,0.0,1.69,2,0,5.54,65535,4000,1.0,23,0,+01:00,+01:00,415,415,415,3000,8.7997e-05,1.8,2,50,0,b'0100',0,b'\x04\x00\x01\x00\x07\x00\x04\x00\x00\x000101\x02\x00\x04\x00\x01\x00\x00\x00\x00 \x01\x00\x1a\xa0\x04\x00\x01\x00\x00\x00\x17\x00\x00\x00\x00\xb0\x03\x00\x01\x00\x00\x00\x02\x00\x00\x00\x00\x00\x00\x00\x00\x00\x00\x00\x00\x00\x00\x00\x00\x00\x00\x00\x00\x00\x00\x00\x00\x00\x00\x00\x00\x00\x00\x00\x00\x00\x00\x00\x00\x00\x00\x00\x00\x00\x00\x00\x00\x00\x00\x00\x00\x00\x00\x00',20251030_111130.jpg
4000,3000,2,230,samsung,Galaxy A56 5G,A566BXXS6AYGE,6,2025:10:30 11:11:38,1,72.0,72.0,b'0220',0.000667111,1.69,2025:10:30 11:11:38,2025:10:30 11:11:38,8.51,0.0,1.69,2,0,5.54,65535,4000,1.0,23,0,+01:00,+01:00,748,748,748,3000,0.000667111,1.8,2,50,0,b'0100',0,b'\x04\x00\x01\x00\x07\x00\x04\x00\x00\x000101\x02\x00\x04\x00\x01\x00\x00\x00\x00 \x01\x00\x1a\xa0\x04\x00\x01\x00\x00\x00\x17\x00\x00\x00\x00\xb0\x03\x00\x01\x00\x00\x00\x02\x00\x00\x00\x00\x00\x00\x00\x00\x00\x00\x00\x00\x00\x00\x00\x00\x00\x00\x00\x00\x00\x00\x00\x00\x00\x00\x00\x00\x00\x00\x00\x00\x00\x00\x00\x00\x00\x00\x00\x00\x00\x00\x00\x00\x00\x00\x00\x00\x00\x00\x00',20251030_111138.jpg
4000,3000,2,230,samsung,Galaxy A56 5G,A566BXXS6AYGE,6,2025:10:30 11:16:40,1,72.0,72.0,b'0220',0.000905797,1.69,2025:10:30 11:16:40,2025:10:30 11:16:40,7.72,0.0,1.69,2,0,5.54,65535,4000,1.0,23,0,+01:00,+01:00,931,931,931,3000,0.000905797,1.8,2,50,0,b'0100',0,b'\x04\x00\x01\x00\x07\x00\x04\x00\x00\x000101\x02\x00\x04\x00\x01\x00\x00\x00\x00 \x01\x00\x1a\xa0\x04\x00\x01\x00\x00\x00\x17\x00\x00\x00\x00\xb0\x03\x00\x01\x00\x00\x00\x02\x00\x00\x00\x00\x00\x00\x00\x00\x00\x00\x00\x00\x00\x00\x00\x00\x00\x00\x00\x00\x00\x00\x00\x00\x00\x00\x00\x00\x00\x00\x00\x00\x00\x00\x00\x00\x00\x00\x00\x00\x00\x00\x00\x00\x00\x00\x00\x00\x00\x00\x00',20251030_111640.jpg
4000,3000,2,230,samsung,Galaxy A56 5G,A566BXXS6AYGE,6,2025:10:30 11:16:54,1,72.0,72.0,b'0220',8.7997e-05,1.69,2025:10:30 11:16:54,2025:10:30 11:16:54,10.14,0.0,1.69,2,0,5.54,65535,4000,1.0,23,0,+01:00,+01:00,666,666,666,3000,8.7997e-05,1.8,2,50,0,b'0100',0,b'\x04\x00\x01\x00\x07\x00\x04\x00\x00\x000101\x02\x00\x04\x00\x01\x00\x00\x00\x00 \x01\x00\x1a\xa0\x04\x00\x01\x00\x00\x00\x17\x00\x00\x00\x00\xb0\x03\x00\x01\x00\x00\x00\x02\x00\x00\x00\x00\x00\x00\x00\x00\x00\x00\x00\x00\x00\x00\x00\x00\x00\x00\x00\x00\x00\x00\x00\x00\x00\x00\x00\x00\x00\x00\x00\x00\x00\x00\x00\x00\x00\x00\x00\x00\x00\x00\x00\x00\x00\x00\x00\x00\x00\x00\x00',20251030_111654.jpg
4000,3000,2,230,samsung,Galaxy A56 5G,A566BXXS6AYGE,6,2025:10:30 11:17:03,1,72.0,72.0,b'0220',0.000192012,1.69,2025:10:30 11:17:03,2025:10:30 11:17:03,9.57,0.0,1.69,2,0,5.54,65535,4000,1.0,23,0,+01:00,+01:00,400,400,400,3000,0.000192012,1.8,2,50,0,b'0100',0,b'\x04\x00\x01\x00\x07\x00\x04\x00\x00\x000101\x02\x00\x04\x00\x01\x00\x00\x00\x00 \x01\x00\x1a\xa0\x04\x00\x01\x00\x00\x00\x17\x00\x00\x00\x00\xb0\x03\x00\x01\x00\x00\x00\x02\x00\x00\x00\x00\x00\x00\x00\x00\x00\x00\x00\x00\x00\x00\x00\x00\x00\x00\x00\x00\x00\x00\x00\x00\x00\x00\x00\x00\x00\x00\x00\x00\x00\x00\x00\x00\x00\x00\x00\x00\x00\x00\x00\x00\x00\x00\x00\x00\x00\x00\x00',20251030_111703.jpg
4000,3000,2,230,samsung,Galaxy A56 5G,A566BXXS6AYGE,6,2025:10:30 11:17:10,1,72.0,72.0,b'0220',0.000220994,1.69,2025:10:30 11:17:10,2025:10:30 11:17:10,8.95,0.0,1.69,2,0,5.54,65535,4000,1.0,23,0,+01:00,+01:00,700,700,700,3000,0.000220994,1.8,2,50,0,b'0100',0,b'\x04\x00\x01\x00\x07\x00\x04\x00\x00\x000101\x02\x00\x04\x00\x01\x00\x00\x00\x00 \x01\x00\x1a\xa0\x04\x00\x01\x00\x00\x00\x17\x00\x00\x00\x00\xb0\x03\x00\x01\x00\x00\x00\x02\x00\x00\x00\x00\x00\x00\x00\x00\x00\x00\x00\x00\x00\x00\x00\x00\x00\x00\x00\x00\x00\x00\x00\x00\x00\x00\x00\x00\x00\x00\x00\x00\x00\x00\x00\x00\x00\x00\x00\x00\x00\x00\x00\x00\x00\x00\x00\x00\x00\x00\x00',20251030_111710.jpg
4000,3000,2,230,samsung,Galaxy A56 5G,A566BXXS6AYGE,6,2025:10:30 11:17:33,1,72.0,72.0,b'0220',0.000626959,1.69,2025:10:30 11:17:33,2025:10:30 11:17:33,8.41,0.0,1.69,2,0,5.54,65535,4000,1.0,23,0,+01:00,+01:00,634,634,634,3000,0.000626959,1.8,2,50,0,b'0100',0,b'\x04\x00\x01\x00\x07\x00\x04\x00\x00\x000101\x02\x00\x04\x00\x01\x00\x00\x00\x00 \x01\x00\x1a\xa0\x04\x00\x01\x00\x00\x00\x17\x00\x00\x00\x00\xb0\x03\x00\x01\x00\x00\x00\x02\x00\x00\x00\x00\x00\x00\x00\x00\x00\x00\x00\x00\x00\x00\x00\x00\x00\x00\x00\x00\x00\x00\x00\x00\x00\x00\x00\x00\x00\x00\x00\x00\x00\x00\x00\x00\x00\x00\x00\x00\x00\x00\x00\x00\x00\x00\x00\x00\x00\x00\x00',20251030_111733.jpg
4000,3000,2,230,samsung,Galaxy A56 5G,A566BXXS6AYGE,6,2025:10:30 11:17:48,1,72.0,72.0,b'0220',0.000586854,1.69,2025:10:30 11:17:48,2025:10:30 11:17:48,8.25,0.0,1.69,2,0,5.54,65535,4000,1.0,23,0,+01:00,+01:00,968,968,968,3000,0.000586854,1.8,2,50,0,b'0100',0,b'\x04\x00\x01\x00\x07\x00\x04\x00\x00\x000101\x02\x00\x04\x00\x01\x00\x00\x00\x00 \x01\x00\x1a\xa0\x04\x00\x01\x00\x00\x00\x17\x00\x00\x00\x00\xb0\x03\x00\x01\x00\x00\x00\x02\x00\x00\x00\x00\x00\x00\x00\x00\x00\x00\x00\x00\x00\x00\x00\x00\x00\x00\x00\x00\x00\x00\x00\x00\x00\x00\x00\x00\x00\x00\x00\x00\x00\x00\x00\x00\x00\x00\x00\x00\x00\x00\x00\x00\x00\x00\x00\x00\x00\x00\x00',20251030_111748.jpg
4000,3000,2,230,samsung,Galaxy A56 5G,A566BXXS6AYGE,6,2025:10:30 11:26:49,1,72.0,72.0,b'0220',0.00122399,1.69,2025:10:30 11:26:49,2025:10:30 11:26:49,7.11,0.0,1.69,2,0,5.54,65535,4000,1.0,23,0,+01:00,+01:00,554,554,554,3000,0.00122399,1.8,2,50,0,b'0100',0,b'\x04\x00\x01\x00\x07\x00\x04\x00\x00\x000101\x02\x00\x04\x00\x01\x00\x00\x00\x00 \x01\x00\x1a\xa0\x04\x00\x01\x00\x00\x00\x17\x00\x00\x00\x00\xb0\x03\x00\x01\x00\x00\x00\x02\x00\x00\x00\x00\x00\x00\x00\x00\x00\x00\x00\x00\x00\x00\x00\x00\x00\x00\x00\x00\x00\x00\x00\x00\x00\x00\x00\x00\x00\x00\x00\x00\x00\x00\x00\x00\x00\x00\x00\x00\x00\x00\x00\x00\x00\x00\x00\x00\x00\x00\x00',20251030_112649.jpg
4000,3000,2,230,samsung,Galaxy A56 5G,A566BXXS6AYGE,6,2025:10:30 11:26:50,1,72.0,72.0,b'0220',0.00122399,1.69,2025:10:30 11:26:50,2025:10:30 11:26:50,7.12,0.0,1.69,2,0,5.54,65535,4000,1.0,23,0,+01:00,+01:00,953,953,953,3000,0.00122399,1.8,2,50,0,b'0100',0,b'\x04\x00\x01\x00\x07\x00\x04\x00\x00\x000101\x02\x00\x04\x00\x01\x00\x00\x00\x00 \x01\x00\x1a\xa0\x04\x00\x01\x00\x00\x00\x17\x00\x00\x00\x00\xb0\x03\x00\x01\x00\x00\x00\x02\x00\x00\x00\x00\x00\x00\x00\x00\x00\x00\x00\x00\x00\x00\x00\x00\x00\x00\x00\x00\x00\x00\x00\x00\x00\x00\x00\x00\x00\x00\x00\x00\x00\x00\x00\x00\x00\x00\x00\x00\x00\x00\x00\x00\x00\x00\x00\x00\x00\x00\x00',20251030_112650.jpg
4000,3000,2,230,samsung,Galaxy A56 5G,A566BXXS6AYGE,6,2025:10:30 11:26:52,1,72.0,72.0,b'0220',0.000707213,1.69,2025:10:30 11:26:52,2025:10:30 11:26:52,7.43,0.0,1.69,2,0,5.54,65535,4000,1.0,23,0,+01:00,+01:00,654,654,654,3000,0.000707213,1.8,2,50,0,b'0100',0,b'\x04\x00\x01\x00\x07\x00\x04\x00\x00\x000101\x02\x00\x04\x00\x01\x00\x00\x00\x00 \x01\x00\x1a\xa0\x04\x00\x01\x00\x00\x00\x17\x00\x00\x00\x00\xb0\x03\x00\x01\x00\x00\x00\x02\x00\x00\x00\x00\x00\x00\x00\x00\x00\x00\x00\x00\x00\x00\x00\x00\x00\x00\x00\x00\x00\x00\x00\x00\x00\x00\x00\x00\x00\x00\x00\x00\x00\x00\x00\x00\x00\x00\x00\x00\x00\x00\x00\x00\x00\x00\x00\x00\x00\x00\x00',20251030_112652.jpg
4000,3000,2,230,samsung,Galaxy A56 5G,A566BXXS6AYGE,6,2025:10:30 11:27:00,1,72.0,72.0,b'0220',0.003076923,1.69,2025:10:30 11:27:00,2025:10:30 11:27:00,5.03,0.0,1.69,2,0,5.54,65535,4000,1.0,23,0,+01:00,+01:00,285,285,285,3000,0.003076923,1.8,2,50,0,b'0100',0,b'\x04\x00\x01\x00\x07\x00\x04\x00\x00\x000101\x02\x00\x04\x00\x01\x00\x00\x00\x00 \x01\x00\x1a\xa0\x04\x00\x01\x00\x00\x00\x17\x00\x00\x00\x00\xb0\x03\x00\x01\x00\x00\x00\x02\x00\x00\x00\x00\x00\x00\x00\x00\x00\x00\x00\x00\x00\x00\x00\x00\x00\x00\x00\x00\x00\x00\x00\x00\x00\x00\x00\x00\x00\x00\x00\x00\x00\x00\x00\x00\x00\x00\x00\x00\x00\x00\x00\x00\x00\x00\x00\x00\x00\x00\x00',20251030_112659.jpg
4000,3000,2,230,samsung,Galaxy A56 5G,A566BXXS6AYGE,6,2025:10:30 11:27:01,1,72.0,72.0,b'0220',0.001926782,1.69,2025:10:30 11:27:01,2025:10:30 11:27:01,5.71,0.0,1.69,2,0,5.54,65535,4000,1.0,23,0,+01:00,+01:00,686,686,686,3000,0.001926782,1.8,2,50,0,b'0100',0,b'\x04\x00\x01\x00\x07\x00\x04\x00\x00\x000101\x02\x00\x04\x00\x01\x00\x00\x00\x00 \x01\x00\x1a\xa0\x04\x00\x01\x00\x00\x00\x17\x00\x00\x00\x00\xb0\x03\x00\x01\x00\x00\x00\x02\x00\x00\x00\x00\x00\x00\x00\x00\x00\x00\x00\x00\x00\x00\x00\x00\x00\x00\x00\x00\x00\x00\x00\x00\x00\x00\x00\x00\x00\x00\x00\x00\x00\x00\x00\x00\x00\x00\x00\x00\x00\x00\x00\x00\x00\x00\x00\x00\x00\x00\x00',20251030_112701.jpg
4000,3000,2,230,samsung,Galaxy A56 5G,A566BXXS6AYGE,6,2025:10:30 11:27:45,1,72.0,72.0,b'0220',0.00124533,1.69,2025:10:30 11:27:45,2025:10:30 11:27:45,6.32,0.0,1.69,2,0,5.54,65535,4000,1.0,23,0,+01:00,+01:00,044,044,044,3000,0.00124533,1.8,2,50,0,b'0100',0,b'\x04\x00\x01\x00\x07\x00\x04\x00\x00\x000101\x02\x00\x04\x00\x01\x00\x00\x00\x00 \x01\x00\x1a\xa0\x04\x00\x01\x00\x00\x00\x17\x00\x00\x00\x00\xb0\x03\x00\x01\x00\x00\x00\x02\x00\x00\x00\x00\x00\x00\x00\x00\x00\x00\x00\x00\x00\x00\x00\x00\x00\x00\x00\x00\x00\x00\x00\x00\x00\x00\x00\x00\x00\x00\x00\x00\x00\x00\x00\x00\x00\x00\x00\x00\x00\x00\x00\x00\x00\x00\x00\x00\x00\x00\x00',20251030_112744.jpg
4000,3000,2,230,samsung,Galaxy A56 5G,A566BXXS6AYGE,6,2025:10:30 11:27:52,1,72.0,72.0,b'0220',0.001197604,1.69,2025:10:30 11:27:52,2025:10:30 11:27:52,6.69,0.0,1.69,2,0,5.54,65535,4000,1.0,23,0,+01:00,+01:00,977,977,977,3000,0.001197604,1.8,2,50,0,b'0100',0,b'\x04\x00\x01\x00\x07\x00\x04\x00\x00\x000101\x02\x00\x04\x00\x01\x00\x00\x00\x00 \x01\x00\x1a\xa0\x04\x00\x01\x00\x00\x00\x17\x00\x00\x00\x00\xb0\x03\x00\x01\x00\x00\x00\x02\x00\x00\x00\x00\x00\x00\x00\x00\x00\x00\x00\x00\x00\x00\x00\x00\x00\x00\x00\x00\x00\x00\x00\x00\x00\x00\x00\x00\x00\x00\x00\x00\x00\x00\x00\x00\x00\x00\x00\x00\x00\x00\x00\x00\x00\x00\x00\x00\x00\x00\x00',20251030_112752.jpg
4000,3000,2,230,samsung,Galaxy A56 5G,A566BXXS6AYGE,6,2025:10:30 11:27:58,1,72.0,72.0,b'0220',0.000127991,1.69,2025:10:30 11:27:58,2025:10:30 11:27:58,9.58,0.0,1.69,2,0,5.54,65535,4000,1.0,23,0,+01:00,+01:00,911,911,911,3000,0.000127991,1.8,2,50,0,b'0100',0,b'\x04\x00\x01\x00\x07\x00\x04\x00\x00\x000101\x02\x00\x04\x00\x01\x00\x00\x00\x00 \x01\x00\x1a\xa0\x04\x00\x01\x00\x00\x00\x17\x00\x00\x00\x00\xb0\x03\x00\x01\x00\x00\x00\x02\x00\x00\x00\x00\x00\x00\x00\x00\x00\x00\x00\x00\x00\x00\x00\x00\x00\x00\x00\x00\x00\x00\x00\x00\x00\x00\x00\x00\x00\x00\x00\x00\x00\x00\x00\x00\x00\x00\x00\x00\x00\x00\x00\x00\x00\x00\x00\x00\x00\x00\x00',20251030_112758.jpg
4000,3000,2,230,samsung,Galaxy A56 5G,A566BXXS6AYGE,6,2025:10:30 11:28:09,1,72.0,72.0,b'0220',0.00280112,1.69,2025:10:30 11:28:09,2025:10:30 11:28:09,6.09,0.0,1.69,2,0,5.54,65535,4000,1.0,23,0,+01:00,+01:00,177,177,177,3000,0.00280112,1.8,2,50,0,b'0100',0,b'\x04\x00\x01\x00\x07\x00\x04\x00\x00\x000101\x02\x00\x04\x00\x01\x00\x00\x00\x00 \x01\x00\x1a\xa0\x04\x00\x01\x00\x00\x00\x17\x00\x00\x00\x00\xb0\x03\x00\x01\x00\x00\x00\x02\x00\x00\x00\x00\x00\x00\x00\x00\x00\x00\x00\x00\x00\x00\x00\x00\x00\x00\x00\x00\x00\x00\x00\x00\x00\x00\x00\x00\x00\x00\x00\x00\x00\x00\x00\x00\x00\x00\x00\x00\x00\x00\x00\x00\x00\x00\x00\x00\x00\x00\x00',20251030_112808.jpg
4000,3000,2,230,samsung,Galaxy A56 5G,A566BXXS6AYGE,6,2025:10:30 11:29:04,1,72.0,72.0,b'0220',0.000801282,1.69,2025:10:30 11:29:04,2025:10:30 11:29:04,7.35,0.0,1.69,2,0,5.54,65535,4000,1.0,23,0,+01:00,+01:00,213,213,213,3000,0.000801282,1.8,2,50,0,b'0100',0,b'\x04\x00\x01\x00\x07\x00\x04\x00\x00\x000101\x02\x00\x04\x00\x01\x00\x00\x00\x00 \x01\x00\x1a\xa0\x04\x00\x01\x00\x00\x00\x17\x00\x00\x00\x00\xb0\x03\x00\x01\x00\x00\x00\x02\x00\x00\x00\x00\x00\x00\x00\x00\x00\x00\x00\x00\x00\x00\x00\x00\x00\x00\x00\x00\x00\x00\x00\x00\x00\x00\x00\x00\x00\x00\x00\x00\x00\x00\x00\x00\x00\x00\x00\x00\x00\x00\x00\x00\x00\x00\x00\x00\x00\x00\x00',20251030_112903.jpg
4000,3000,2,230,samsung,Galaxy A56 5G,A566BXXS6AYGE,6,2025:10:30 11:29:45,1,72.0,72.0,b'0220',0.000280977,1.69,2025:10:30 11:29:45,2025:10:30 11:29:45,8.48,0.0,1.69,2,0,5.54,65535,4000,1.0,23,0,+01:00,+01:00,315,315,315,3000,0.000280977,1.8,2,50,0,b'0100',0,b'\x04\x00\x01\x00\x07\x00\x04\x00\x00\x000101\x02\x00\x04\x00\x01\x00\x00\x00\x00 \x01\x00\x1a\xa0\x04\x00\x01\x00\x00\x00\x17\x00\x00\x00\x00\xb0\x03\x00\x01\x00\x00\x00\x02\x00\x00\x00\x00\x00\x00\x00\x00\x00\x00\x00\x00\x00\x00\x00\x00\x00\x00\x00\x00\x00\x00\x00\x00\x00\x00\x00\x00\x00\x00\x00\x00\x00\x00\x00\x00\x00\x00\x00\x00\x00\x00\x00\x00\x00\x00\x00\x00\x00\x00\x00',20251030_112945.jpg
4000,3000,2,230,samsung,Galaxy A56 5G,A566BXXS6AYGE,6,2025:10:30 11:30:17,1,72.0,72.0,b'0220',0.001193317,1.69,2025:10:30 11:30:17,2025:10:30 11:30:17,6.99,0.0,1.69,2,0,5.54,65535,4000,1.0,23,0,+01:00,+01:00,450,450,450,3000,0.001193317,1.8,2,50,0,b'0100',0,b'\x04\x00\x01\x00\x07\x00\x04\x00\x00\x000101\x02\x00\x04\x00\x01\x00\x00\x00\x00 \x01\x00\x1a\xa0\x04\x00\x01\x00\x00\x00\x17\x00\x00\x00\x00\xb0\x03\x00\x01\x00\x00\x00\x02\x00\x00\x00\x00\x00\x00\x00\x00\x00\x00\x00\x00\x00\x00\x00\x00\x00\x00\x00\x00\x00\x00\x00\x00\x00\x00\x00\x00\x00\x00\x00\x00\x00\x00\x00\x00\x00\x00\x00\x00\x00\x00\x00\x00\x00\x00\x00\x00\x00\x00\x00',20251030_113017.jpg
4000,3000,2,230,samsung,Galaxy A56 5G,A566BXXS6AYGE,6,2025:10:30 11:54:03,1,72.0,72.0,b'0220',4.6999e-05,1.69,2025:10:30 11:54:03,2025:10:30 11:54:03,11.03,0.0,1.69,2,0,5.54,65535,4000,1.0,23,0,+01:00,+01:00,796,796,796,3000,4.6999e-05,1.8,2,50,0,b'0100',0,b'\x04\x00\x01\x00\x07\x00\x04\x00\x00\x000101\x02\x00\x04\x00\x01\x00\x00\x00\x00 \x01\x00\x1a\xa0\x04\x00\x01\x00\x00\x00\x17\x00\x00\x00\x00\xb0\x03\x00\x01\x00\x00\x00\x02\x00\x00\x00\x00\x00\x00\x00\x00\x00\x00\x00\x00\x00\x00\x00\x00\x00\x00\x00\x00\x00\x00\x00\x00\x00\x00\x00\x00\x00\x00\x00\x00\x00\x00\x00\x00\x00\x00\x00\x00\x00\x00\x00\x00\x00\x00\x00\x00\x00\x00\x00',20251030_115403.jpg
4000,3000,2,230,samsung,Galaxy A56 5G,A566BXXS6AYGE,6,2025:10:30 11:54:10,1,72.0,72.0,b'0220',0.000341997,1.69,2025:10:30 11:54:10,2025:10:30 11:54:10,8.46,0.0,1.69,2,0,5.54,65535,4000,1.0,23,0,+01:00,+01:00,829,829,829,3000,0.000341997,1.8,2,50,0,b'0100',0,b'\x04\x00\x01\x00\x07\x00\x04\x00\x00\x000101\x02\x00\x04\x00\x01\x00\x00\x00\x00 \x01\x00\x1a\xa0\x04\x00\x01\x00\x00\x00\x17\x00\x00\x00\x00\xb0\x03\x00\x01\x00\x00\x00\x02\x00\x00\x00\x00\x00\x00\x00\x00\x00\x00\x00\x00\x00\x00\x00\x00\x00\x00\x00\x00\x00\x00\x00\x00\x00\x00\x00\x00\x00\x00\x00\x00\x00\x00\x00\x00\x00\x00\x00\x00\x00\x00\x00\x00\x00\x00\x00\x00\x00\x00\x00',20251030_115410.jpg
4000,3000,2,230,samsung,Galaxy A56 5G,A566BXXS6AYGE,6,2025:10:30 11:54:13,1,72.0,72.0,b'0220',0.000287026,1.69,2025:10:30 11:54:13,2025:10:30 11:54:13,9.51,0.0,1.69,2,0,5.54,65535,4000,1.0,23,0,+01:00,+01:00,828,828,828,3000,0.000287026,1.8,2,50,0,b'0100',0,b'\x04\x00\x01\x00\x07\x00\x04\x00\x00\x000101\x02\x00\x04\x00\x01\x00\x00\x00\x00 \x01\x00\x1a\xa0\x04\x00\x01\x00\x00\x00\x17\x00\x00\x00\x00\xb0\x03\x00\x01\x00\x00\x00\x02\x00\x00\x00\x00\x00\x00\x00\x00\x00\x00\x00\x00\x00\x00\x00\x00\x00\x00\x00\x00\x00\x00\x00\x00\x00\x00\x00\x00\x00\x00\x00\x00\x00\x00\x00\x00\x00\x00\x00\x00\x00\x00\x00\x00\x00\x00\x00\x00\x00\x00\x00',20251030_115413.jpg
4000,3000,2,230,samsung,Galaxy A56 5G,A566BXXS6AYGE,6,2025:10:30 15:02:42,1,72.0,72.0,b'0220',0.01,1.69,2025:10:30 15:02:42,2025:10:30 15:02:42,3.69,0.0,1.69,2,0,5.54,65535,4000,1.0,23,0,+01:00,+01:00,026,026,026,3000,0.01,1.8,2,80,0,b'0100',0,b'\x04\x00\x01\x00\x07\x00\x04\x00\x00\x000101\x02\x00\x04\x00\x01\x00\x00\x00\x00 \x01\x00\x1a\xa0\x04\x00\x01\x00\x00\x00\x17\x00\x00\x00\x00\xb0\x03\x00\x01\x00\x00\x00\x02\x00\x00\x00\x00\x00\x00\x00\x00\x00\x00\x00\x00\x00\x00\x00\x00\x00\x00\x00\x00\x00\x00\x00\x00\x00\x00\x00\x00\x00\x00\x00\x00\x00\x00\x00\x00\x00\x00\x00\x00\x00\x00\x00\x00\x00\x00\x00\x00\x00\x00\x00',20251030_150241.jpg
